,Date_Time,Temperature,Action1,Humidity,Ammonia_Gas_Level,Action2,Light,Action3,Water_Level,Action4,Cleaning
1,26/04/2019 03:40 PM,31,FanOff,49,188,ExhFanOFF,114,LightOFF,75,PumpOff,ProcessOFF
2,26/04/2019 03:39 PM,31,FanOff,50,182,ExhFanOFF,158,LightOFF,75,PumpOff,ProcessOFF
3,26/04/2019 03:39 PM,31,FanOff,50,183,ExhFanOFF,137,LightOFF,75,PumpOff,ProcessOFF
4,26/04/2019 03:38 PM,31,FanOff,50,189,ExhFanOFF,165,LightOFF,75,PumpOff,ProcessOFF
5,26/04/2019 03:38 PM,31,FanOff,50,190,ExhFanOFF,117,LightOFF,45,PumpOff,ProcessOFF
6,26/04/2019 03:37 PM,31,FanOff,50,191,ExhFanOFF,141,LightOFF,45,PumpOff,ProcessOFF
7,26/04/2019 03:37 PM,31,FanOff,50,190,ExhFanOFF,169,LightOFF,45,PumpOff,ProcessOFF
8,26/04/2019 03:36 PM,31,FanOff,51,192,ExhFanOFF,116,LightOFF,45,PumpOff,ProcessOFF
9,26/04/2019 03:35 PM,31,FanOff,50,185,ExhFanOFF,165,LightOFF,45,PumpOff,ProcessOFF
10,26/04/2019 03:35 PM,31,FanOff,50,193,ExhFanOFF,512,LightOn,45,PumpOff,ProcessOFF
11,26/04/2019 03:34 PM,31,FanOff,50,194,ExhFanOFF,145,LightOFF,45,PumpOff,ProcessOFF
12,26/04/2019 03:33 PM,30,FanOff,49,196,ExhFanOFF,118,LightOFF,45,PumpOff,ProcessOFF
13,26/04/2019 03:33 PM,31,FanOff,50,195,ExhFanOFF,170,LightOFF,45,PumpOff,ProcessOFF
14,26/04/2019 03:32 PM,30,FanOff,49,200,ExhFanOFF,177,LightOFF,40,PumpOn,ProcessOFF
15,26/04/2019 03:30 PM,30,FanOff,49,201,ExhFanOFF,163,LightOFF,45,PumpOff,ProcessOFF
16,26/04/2019 03:30 PM,30,FanOff,49,203,ExhFanOFF,175,LightOFF,45,PumpOff,ProcessOFF
17,26/04/2019 03:29 PM,30,FanOff,49,205,ExhFanOFF,178,LightOFF,60,PumpOff,ProcessOFF
18,26/04/2019 03:29 PM,30,FanOff,50,211,ExhFanOFF,126,LightOFF,100,PumpOff,ProcessOFF
19,26/04/2019 03:28 PM,30,FanOff,50,219,ExhFanOFF,157,LightOFF,100,PumpOff,ProcessOFF
20,26/04/2019 03:27 PM,30,FanOff,50,220,ExhFanOFF,180,LightOFF,75,PumpOff,ProcessOFF
21,26/04/2019 03:27 PM,30,FanOff,50,228,ExhFanOFF,193,LightOFF,75,PumpOff,ProcessOFF
22,26/04/2019 02:49 PM,32,FanOff,51,185,ExhFanOFF,150,LightOFF,75,PumpOff,ProcessOFF
23,26/04/2019 02:48 PM,32,FanOff,52,196,ExhFanOFF,555,LightOn,75,PumpOff,ProcessOFF
24,26/04/2019 02:47 PM,32,FanOff,52,196,ExhFanOFF,171,LightOFF,75,PumpOff,ProcessOFF
25,26/04/2019 02:47 PM,32,FanOff,52,196,ExhFanOFF,170,LightOFF,75,PumpOff,ProcessOFF
26,26/04/2019 02:46 PM,32,FanOff,52,197,ExhFanOFF,118,LightOFF,75,PumpOff,ProcessOFF
27,26/04/2019 02:46 PM,32,FanOff,52,198,ExhFanOFF,119,LightOFF,75,PumpOff,ProcessOFF
28,26/04/2019 02:45 PM,32,FanOff,52,199,ExhFanOFF,117,LightOFF,75,PumpOff,ProcessOFF
29,26/04/2019 02:44 PM,32,FanOff,52,199,ExhFanOFF,121,LightOFF,75,PumpOff,ProcessOFF
30,26/04/2019 02:44 PM,32,FanOff,52,200,ExhFanOFF,174,LightOFF,75,PumpOff,ProcessOFF
31,26/04/2019 02:43 PM,32,FanOff,53,205,ExhFanOFF,180,LightOFF,40,PumpOn,ProcessOFF
32,26/04/2019 02:43 PM,32,FanOff,53,201,ExhFanOFF,170,LightOFF,75,PumpOff,ProcessOFF
33,26/04/2019 02:41 PM,32,FanOff,53,207,ExhFanOFF,177,LightOFF,75,PumpOff,ProcessOFF
34,26/04/2019 02:40 PM,32,FanOff,53,208,ExhFanOFF,123,LightOFF,75,PumpOff,ProcessOFF
35,26/04/2019 02:40 PM,32,FanOff,53,209,ExhFanOFF,176,LightOFF,75,PumpOff,ProcessOFF
36,26/04/2019 02:39 PM,32,FanOff,53,210,ExhFanOFF,124,LightOFF,75,PumpOff,ProcessOFF
37,26/04/2019 02:38 PM,32,FanOff,53,213,ExhFanOFF,126,LightOFF,75,PumpOff,ProcessOFF
38,25/04/2019 09:23 PM,33,FanOff,57,168,ExhFanOFF,365,LightOFF,75,PumpOff,ProcessOFF
39,25/04/2019 09:22 PM,33,FanOff,57,181,ExhFanOFF,318,LightOFF,60,PumpOff,ProcessOFF
40,25/04/2019 09:21 PM,33,FanOff,57,183,ExhFanOFF,383,LightOFF,60,PumpOff,ProcessOFF
41,25/04/2019 09:21 PM,33,FanOff,57,186,ExhFanOFF,386,LightOFF,75,PumpOff,ProcessOFF
42,25/04/2019 08:15 PM,34,FanOff,54,146,ExhFanOFF,512,LightOn,75,PumpOff,ProcessOFF
43,25/04/2019 08:14 PM,34,FanOff,55,141,ExhFanOFF,120,LightOFF,75,PumpOff,ProcessOFF
44,25/04/2019 08:13 PM,34,FanOff,55,144,ExhFanOFF,550,LightOn,75,PumpOff,ProcessOFF
45,25/04/2019 08:13 PM,34,FanOff,55,143,ExhFanOFF,527,LightOn,75,PumpOff,ProcessOFF
46,25/04/2019 08:12 PM,34,FanOff,54,154,ExhFanOFF,508,LightOn,75,PumpOff,ProcessOFF
47,25/04/2019 08:11 PM,34,FanOff,54,154,ExhFanOFF,525,LightOn,75,PumpOff,ProcessOFF
48,25/04/2019 08:11 PM,34,FanOff,55,154,ExhFanOFF,520,LightOn,100,PumpOff,ProcessOFF
49,25/04/2019 08:10 PM,34,FanOff,54,173,ExhFanOFF,550,LightOn,40,PumpOn,ProcessOFF
50,25/04/2019 08:08 PM,34,FanOff,54,162,ExhFanOFF,519,LightOn,45,PumpOff,ProcessOFF
51,25/04/2019 08:07 PM,34,FanOff,54,159,ExhFanOFF,544,LightOn,100,PumpOff,ProcessOFF
52,25/04/2019 08:07 PM,34,FanOff,54,162,ExhFanOFF,519,LightOn,75,PumpOff,ProcessOFF
53,25/04/2019 08:06 PM,34,FanOff,55,163,ExhFanOFF,525,LightOn,75,PumpOff,ProcessOFF
54,25/04/2019 08:05 PM,34,FanOff,55,181,ExhFanOFF,555,LightOn,75,PumpOff,ProcessOFF
55,02/04/2019 12:22 PM,33,FanOff,44,50,ExhFanOFF,185,LightOFF,60,PumpOff,ProcessOFF
56,02/04/2019 12:21 PM,33,FanOff,44,50,ExhFanOFF,185,LightOFF,60,PumpOff,ProcessOFF
57,02/04/2019 12:19 PM,32,FanOff,42,53,ExhFanOFF,149,LightOFF,60,PumpOff,ProcessOFF
58,02/04/2019 12:19 PM,33,FanOff,43,53,ExhFanOFF,542,LightOn,75,PumpOff,ProcessOFF
59,02/04/2019 12:18 PM,32,FanOff,42,53,ExhFanOFF,175,LightOFF,60,PumpOff,ProcessOFF
60,02/04/2019 12:18 PM,32,FanOff,43,53,ExhFanOFF,68,LightOFF,60,PumpOff,ProcessOFF
61,02/04/2019 12:17 PM,32,FanOff,43,53,ExhFanOFF,191,LightOFF,40,PumpOn,ProcessOFF
62,02/04/2019 12:16 PM,32,FanOff,43,55,ExhFanOFF,61,LightOFF,40,PumpOn,ProcessOFF
63,02/04/2019 12:16 PM,32,FanOff,43,54,ExhFanOFF,194,LightOFF,40,PumpOn,ProcessOFF
64,02/04/2019 12:15 PM,32,FanOff,43,53,ExhFanOFF,95,LightOFF,60,PumpOff,ProcessOFF
65,02/04/2019 12:14 PM,32,FanOff,43,57,ExhFanOFF,456,LightOn,60,PumpOff,ProcessOFF
66,02/04/2019 12:14 PM,32,FanOff,43,57,ExhFanOFF,174,LightOFF,60,PumpOff,ProcessOFF
67,02/04/2019 12:13 PM,32,FanOff,43,57,ExhFanOFF,47,LightOFF,60,PumpOff,ProcessOFF
68,02/04/2019 12:12 PM,32,FanOff,43,56,ExhFanOFF,63,LightOFF,40,PumpOn,ProcessOFF
69,02/04/2019 12:12 PM,32,FanOff,43,57,ExhFanOFF,193,LightOFF,60,PumpOff,ProcessOFF
70,02/04/2019 12:11 PM,33,FanOff,44,54,ExhFanOFF,174,LightOFF,60,PumpOff,ProcessOFF
71,02/04/2019 12:11 PM,33,FanOff,45,57,ExhFanOFF,522,LightOn,100,PumpOff,ProcessOFF
72,02/04/2019 12:10 PM,33,FanOff,44,58,ExhFanOFF,171,LightOFF,60,PumpOff,ProcessOFF
73,02/04/2019 12:09 PM,32,FanOff,43,59,ExhFanOFF,50,LightOFF,60,PumpOff,ProcessOFF
74,02/04/2019 12:09 PM,32,FanOff,43,59,ExhFanOFF,48,LightOFF,40,PumpOn,ProcessOFF
75,02/04/2019 12:08 PM,32,FanOff,43,60,ExhFanOFF,182,LightOFF,60,PumpOff,ProcessOFF
76,02/04/2019 12:07 PM,32,FanOff,43,56,ExhFanOFF,51,LightOFF,40,PumpOn,ProcessOFF
77,02/04/2019 12:06 PM,32,FanOff,43,56,ExhFanOFF,183,LightOFF,75,PumpOff,ProcessOFF
78,02/04/2019 12:05 PM,32,FanOff,43,55,ExhFanOFF,184,LightOFF,100,PumpOff,ProcessOFF
79,02/04/2019 12:05 PM,32,FanOff,43,56,ExhFanOFF,184,LightOFF,75,PumpOff,ProcessOFF
80,02/04/2019 12:04 PM,32,FanOff,43,55,ExhFanOFF,47,LightOFF,60,PumpOff,ProcessOFF
81,02/04/2019 12:03 PM,32,FanOff,43,57,ExhFanOFF,82,LightOFF,100,PumpOff,ProcessOFF
82,02/04/2019 12:03 PM,32,FanOff,43,56,ExhFanOFF,50,LightOFF,40,PumpOn,ProcessOFF
83,02/04/2019 12:02 PM,32,FanOff,43,57,ExhFanOFF,182,LightOFF,60,PumpOff,ProcessOFF
84,02/04/2019 12:02 PM,32,FanOff,44,60,ExhFanOFF,122,LightOFF,60,PumpOff,ProcessOFF
85,02/04/2019 11:12 AM,33,FanOff,46,53,ExhFanOFF,218,LightOFF,60,PumpOff,ProcessOFF
86,02/04/2019 11:11 AM,33,FanOff,46,52,ExhFanOFF,39,LightOFF,60,PumpOff,ProcessOFF
87,02/04/2019 11:11 AM,33,FanOff,46,53,ExhFanOFF,112,LightOFF,60,PumpOff,ProcessOFF
88,02/04/2019 11:10 AM,33,FanOff,46,53,ExhFanOFF,211,LightOFF,60,PumpOff,ProcessOFF
89,02/04/2019 11:09 AM,33,FanOff,47,52,ExhFanOFF,39,LightOFF,60,PumpOff,ProcessOFF
90,02/04/2019 11:09 AM,33,FanOff,47,53,ExhFanOFF,166,LightOFF,60,PumpOff,ProcessOFF
91,02/04/2019 11:08 AM,33,FanOff,47,53,ExhFanOFF,73,LightOFF,60,PumpOff,ProcessOFF
92,02/04/2019 11:08 AM,33,FanOff,47,53,ExhFanOFF,111,LightOFF,60,PumpOff,ProcessOFF
93,02/04/2019 11:07 AM,33,FanOff,47,53,ExhFanOFF,48,LightOFF,60,PumpOff,ProcessOFF
94,02/04/2019 11:06 AM,33,FanOff,47,53,ExhFanOFF,55,LightOFF,60,PumpOff,ProcessOFF
95,02/04/2019 11:06 AM,33,FanOff,47,53,ExhFanOFF,177,LightOFF,60,PumpOff,ProcessOFF
96,02/04/2019 11:05 AM,33,FanOff,47,53,ExhFanOFF,195,LightOFF,60,PumpOff,ProcessOFF
97,02/04/2019 11:05 AM,33,FanOff,47,53,ExhFanOFF,88,LightOFF,60,PumpOff,ProcessOFF
98,02/04/2019 11:04 AM,33,FanOff,48,53,ExhFanOFF,189,LightOFF,60,PumpOff,ProcessOFF
99,02/04/2019 11:04 AM,33,FanOff,47,53,ExhFanOFF,49,LightOFF,60,PumpOff,ProcessOFF
100,02/04/2019 11:03 AM,33,FanOff,48,53,ExhFanOFF,71,LightOFF,60,PumpOff,ProcessOFF
101,02/04/2019 11:02 AM,33,FanOff,48,54,ExhFanOFF,220,LightOFF,60,PumpOff,ProcessOFF
102,02/04/2019 11:02 AM,33,FanOff,48,53,ExhFanOFF,64,LightOFF,60,PumpOff,ProcessOFF
103,02/04/2019 11:01 AM,33,FanOff,48,54,ExhFanOFF,224,LightOFF,60,PumpOff,ProcessOFF
104,02/04/2019 11:01 AM,33,FanOff,48,53,ExhFanOFF,150,LightOFF,60,PumpOff,ProcessOFF
105,02/04/2019 10:59 AM,33,FanOff,48,53,ExhFanOFF,176,LightOFF,60,PumpOff,ProcessOFF
106,02/04/2019 10:59 AM,33,FanOff,48,54,ExhFanOFF,226,LightOFF,60,PumpOff,ProcessOFF
107,02/04/2019 10:58 AM,33,FanOff,48,54,ExhFanOFF,98,LightOFF,60,PumpOff,ProcessOFF
108,02/04/2019 10:57 AM,33,FanOff,48,54,ExhFanOFF,226,LightOFF,60,PumpOff,ProcessOFF
109,02/04/2019 10:57 AM,33,FanOff,48,54,ExhFanOFF,221,LightOFF,60,PumpOff,ProcessOFF
110,02/04/2019 10:56 AM,33,FanOff,48,54,ExhFanOFF,210,LightOFF,60,PumpOff,ProcessOFF
111,02/04/2019 10:56 AM,33,FanOff,48,54,ExhFanOFF,224,LightOFF,60,PumpOff,ProcessOFF
112,02/04/2019 10:55 AM,33,FanOff,48,54,ExhFanOFF,220,LightOFF,60,PumpOff,ProcessOFF
113,02/04/2019 10:54 AM,33,FanOff,48,53,ExhFanOFF,120,LightOFF,60,PumpOff,ProcessOFF
114,02/04/2019 10:54 AM,33,FanOff,48,54,ExhFanOFF,186,LightOFF,60,PumpOff,ProcessOFF
115,02/04/2019 10:53 AM,33,FanOff,48,54,ExhFanOFF,54,LightOFF,60,PumpOff,ProcessOFF
116,02/04/2019 10:53 AM,33,FanOff,48,53,ExhFanOFF,39,LightOFF,60,PumpOff,ProcessOFF
117,02/04/2019 10:52 AM,33,FanOff,48,54,ExhFanOFF,227,LightOFF,60,PumpOff,ProcessOFF
118,02/04/2019 10:52 AM,33,FanOff,49,54,ExhFanOFF,225,LightOFF,60,PumpOff,ProcessOFF
119,02/04/2019 10:51 AM,33,FanOff,49,54,ExhFanOFF,39,LightOFF,60,PumpOff,ProcessOFF
120,02/04/2019 10:50 AM,33,FanOff,49,54,ExhFanOFF,224,LightOFF,60,PumpOff,ProcessOFF
121,02/04/2019 10:50 AM,33,FanOff,49,54,ExhFanOFF,225,LightOFF,60,PumpOff,ProcessOFF
122,02/04/2019 10:49 AM,33,FanOff,49,53,ExhFanOFF,225,LightOFF,60,PumpOff,ProcessOFF
123,02/04/2019 10:49 AM,33,FanOff,49,54,ExhFanOFF,212,LightOFF,60,PumpOff,ProcessOFF
124,02/04/2019 10:48 AM,33,FanOff,49,54,ExhFanOFF,216,LightOFF,60,PumpOff,ProcessOFF
125,02/04/2019 10:47 AM,33,FanOff,49,54,ExhFanOFF,55,LightOFF,60,PumpOff,ProcessOFF
126,02/04/2019 10:47 AM,33,FanOff,49,54,ExhFanOFF,85,LightOFF,60,PumpOff,ProcessOFF
127,02/04/2019 10:46 AM,33,FanOff,49,53,ExhFanOFF,225,LightOFF,60,PumpOff,ProcessOFF
128,02/04/2019 10:46 AM,33,FanOff,49,54,ExhFanOFF,40,LightOFF,60,PumpOff,ProcessOFF
129,02/04/2019 10:45 AM,33,FanOff,49,54,ExhFanOFF,223,LightOFF,60,PumpOff,ProcessOFF
130,02/04/2019 10:44 AM,33,FanOff,49,54,ExhFanOFF,57,LightOFF,60,PumpOff,ProcessOFF
131,02/04/2019 10:44 AM,33,FanOff,49,54,ExhFanOFF,226,LightOFF,60,PumpOff,ProcessOFF
132,02/04/2019 10:43 AM,33,FanOff,49,54,ExhFanOFF,48,LightOFF,60,PumpOff,ProcessOFF
133,02/04/2019 10:43 AM,33,FanOff,49,54,ExhFanOFF,41,LightOFF,60,PumpOff,ProcessOFF
134,02/04/2019 10:42 AM,33,FanOff,49,55,ExhFanOFF,171,LightOFF,60,PumpOff,ProcessOFF
135,02/04/2019 10:41 AM,33,FanOff,49,54,ExhFanOFF,228,LightOFF,60,PumpOff,ProcessOFF
136,02/04/2019 10:41 AM,33,FanOff,49,54,ExhFanOFF,77,LightOFF,60,PumpOff,ProcessOFF
137,02/04/2019 10:40 AM,33,FanOff,49,54,ExhFanOFF,46,LightOFF,60,PumpOff,ProcessOFF
138,02/04/2019 10:40 AM,33,FanOff,49,55,ExhFanOFF,228,LightOFF,60,PumpOff,ProcessOFF
139,02/04/2019 10:39 AM,33,FanOff,49,55,ExhFanOFF,227,LightOFF,60,PumpOff,ProcessOFF
140,02/04/2019 10:38 AM,33,FanOff,49,55,ExhFanOFF,217,LightOFF,60,PumpOff,ProcessOFF
141,02/04/2019 10:38 AM,33,FanOff,49,55,ExhFanOFF,67,LightOFF,60,PumpOff,ProcessOFF
142,02/04/2019 10:37 AM,33,FanOff,49,54,ExhFanOFF,41,LightOFF,60,PumpOff,ProcessOFF
143,02/04/2019 10:37 AM,33,FanOff,49,54,ExhFanOFF,46,LightOFF,60,PumpOff,ProcessOFF
144,02/04/2019 10:36 AM,33,FanOff,49,54,ExhFanOFF,39,LightOFF,60,PumpOff,ProcessOFF
145,02/04/2019 10:35 AM,33,FanOff,49,54,ExhFanOFF,51,LightOFF,60,PumpOff,ProcessOFF
146,02/04/2019 10:35 AM,33,FanOff,49,55,ExhFanOFF,222,LightOFF,60,PumpOff,ProcessOFF
147,02/04/2019 10:34 AM,33,FanOff,49,54,ExhFanOFF,66,LightOFF,60,PumpOff,ProcessOFF
148,02/04/2019 10:34 AM,33,FanOff,49,54,ExhFanOFF,44,LightOFF,60,PumpOff,ProcessOFF
149,02/04/2019 10:33 AM,33,FanOff,49,55,ExhFanOFF,60,LightOFF,60,PumpOff,ProcessOFF
150,02/04/2019 10:32 AM,33,FanOff,49,54,ExhFanOFF,47,LightOFF,60,PumpOff,ProcessOFF
151,02/04/2019 10:32 AM,33,FanOff,49,54,ExhFanOFF,55,LightOFF,60,PumpOff,ProcessOFF
152,02/04/2019 10:31 AM,33,FanOff,49,54,ExhFanOFF,209,LightOFF,60,PumpOff,ProcessOFF
153,02/04/2019 10:31 AM,33,FanOff,49,54,ExhFanOFF,49,LightOFF,60,PumpOff,ProcessOFF
154,02/04/2019 10:30 AM,33,FanOff,49,54,ExhFanOFF,60,LightOFF,60,PumpOff,ProcessOFF
155,02/04/2019 10:29 AM,33,FanOff,49,55,ExhFanOFF,215,LightOFF,60,PumpOff,ProcessOFF
156,02/04/2019 10:29 AM,33,FanOff,49,54,ExhFanOFF,93,LightOFF,60,PumpOff,ProcessOFF
157,02/04/2019 10:28 AM,33,FanOff,49,55,ExhFanOFF,58,LightOFF,60,PumpOff,ProcessOFF
158,02/04/2019 10:28 AM,33,FanOff,49,54,ExhFanOFF,207,LightOFF,60,PumpOff,ProcessOFF
159,02/04/2019 10:27 AM,33,FanOff,49,54,ExhFanOFF,47,LightOFF,60,PumpOff,ProcessOFF
160,02/04/2019 10:26 AM,33,FanOff,49,55,ExhFanOFF,225,LightOFF,60,PumpOff,ProcessOFF
161,02/04/2019 10:26 AM,33,FanOff,49,54,ExhFanOFF,206,LightOFF,60,PumpOff,ProcessOFF
162,02/04/2019 10:25 AM,33,FanOff,49,55,ExhFanOFF,143,LightOFF,60,PumpOff,ProcessOFF
163,02/04/2019 10:25 AM,33,FanOff,49,54,ExhFanOFF,219,LightOFF,60,PumpOff,ProcessOFF
164,02/04/2019 10:24 AM,33,FanOff,50,54,ExhFanOFF,185,LightOFF,60,PumpOff,ProcessOFF
165,02/04/2019 10:23 AM,33,FanOff,49,54,ExhFanOFF,222,LightOFF,60,PumpOff,ProcessOFF
166,02/04/2019 10:23 AM,33,FanOff,50,55,ExhFanOFF,223,LightOFF,60,PumpOff,ProcessOFF
167,02/04/2019 10:22 AM,33,FanOff,50,54,ExhFanOFF,229,LightOFF,60,PumpOff,ProcessOFF
168,02/04/2019 10:22 AM,33,FanOff,49,54,ExhFanOFF,39,LightOFF,60,PumpOff,ProcessOFF
169,02/04/2019 10:21 AM,33,FanOff,50,55,ExhFanOFF,93,LightOFF,60,PumpOff,ProcessOFF
170,02/04/2019 10:21 AM,33,FanOff,49,55,ExhFanOFF,228,LightOFF,60,PumpOff,ProcessOFF
171,02/04/2019 10:20 AM,33,FanOff,50,55,ExhFanOFF,127,LightOFF,60,PumpOff,ProcessOFF
172,02/04/2019 10:19 AM,33,FanOff,50,55,ExhFanOFF,39,LightOFF,60,PumpOff,ProcessOFF
173,02/04/2019 10:19 AM,33,FanOff,50,54,ExhFanOFF,45,LightOFF,60,PumpOff,ProcessOFF
174,02/04/2019 10:18 AM,33,FanOff,50,54,ExhFanOFF,42,LightOFF,60,PumpOff,ProcessOFF
175,02/04/2019 10:18 AM,33,FanOff,50,54,ExhFanOFF,40,LightOFF,60,PumpOff,ProcessOFF
176,02/04/2019 10:17 AM,33,FanOff,50,55,ExhFanOFF,39,LightOFF,60,PumpOff,ProcessOFF
177,02/04/2019 10:16 AM,33,FanOff,50,55,ExhFanOFF,111,LightOFF,60,PumpOff,ProcessOFF
178,02/04/2019 10:16 AM,33,FanOff,50,54,ExhFanOFF,44,LightOFF,60,PumpOff,ProcessOFF
179,02/04/2019 10:15 AM,33,FanOff,50,54,ExhFanOFF,228,LightOFF,60,PumpOff,ProcessOFF
180,02/04/2019 10:15 AM,33,FanOff,50,54,ExhFanOFF,51,LightOFF,60,PumpOff,ProcessOFF
181,02/04/2019 10:14 AM,33,FanOff,50,54,ExhFanOFF,38,LightOFF,60,PumpOff,ProcessOFF
182,02/04/2019 10:13 AM,33,FanOff,50,54,ExhFanOFF,52,LightOFF,60,PumpOff,ProcessOFF
183,02/04/2019 10:13 AM,33,FanOff,50,54,ExhFanOFF,228,LightOFF,60,PumpOff,ProcessOFF
184,02/04/2019 10:12 AM,33,FanOff,50,54,ExhFanOFF,86,LightOFF,60,PumpOff,ProcessOFF
185,02/04/2019 10:12 AM,33,FanOff,50,54,ExhFanOFF,43,LightOFF,60,PumpOff,ProcessOFF
186,02/04/2019 10:11 AM,33,FanOff,50,54,ExhFanOFF,227,LightOFF,60,PumpOff,ProcessOFF
187,02/04/2019 10:10 AM,33,FanOff,50,55,ExhFanOFF,100,LightOFF,60,PumpOff,ProcessOFF
188,02/04/2019 10:10 AM,33,FanOff,50,54,ExhFanOFF,44,LightOFF,60,PumpOff,ProcessOFF
189,02/04/2019 10:09 AM,33,FanOff,50,54,ExhFanOFF,163,LightOFF,60,PumpOff,ProcessOFF
190,02/04/2019 10:09 AM,33,FanOff,50,55,ExhFanOFF,183,LightOFF,60,PumpOff,ProcessOFF
191,02/04/2019 10:08 AM,33,FanOff,50,54,ExhFanOFF,56,LightOFF,60,PumpOff,ProcessOFF
192,02/04/2019 10:07 AM,33,FanOff,50,55,ExhFanOFF,40,LightOFF,60,PumpOff,ProcessOFF
193,02/04/2019 10:07 AM,33,FanOff,50,55,ExhFanOFF,66,LightOFF,60,PumpOff,ProcessOFF
194,02/04/2019 10:06 AM,33,FanOff,50,55,ExhFanOFF,212,LightOFF,60,PumpOff,ProcessOFF
195,02/04/2019 10:06 AM,33,FanOff,50,55,ExhFanOFF,230,LightOFF,60,PumpOff,ProcessOFF
196,02/04/2019 10:05 AM,33,FanOff,50,54,ExhFanOFF,201,LightOFF,60,PumpOff,ProcessOFF
197,02/04/2019 10:04 AM,33,FanOff,50,55,ExhFanOFF,100,LightOFF,60,PumpOff,ProcessOFF
198,02/04/2019 10:04 AM,33,FanOff,50,55,ExhFanOFF,40,LightOFF,60,PumpOff,ProcessOFF
199,02/04/2019 10:03 AM,33,FanOff,50,54,ExhFanOFF,204,LightOFF,60,PumpOff,ProcessOFF
200,02/04/2019 10:03 AM,33,FanOff,50,55,ExhFanOFF,54,LightOFF,60,PumpOff,ProcessOFF
201,02/04/2019 10:02 AM,33,FanOff,50,54,ExhFanOFF,76,LightOFF,60,PumpOff,ProcessOFF
202,02/04/2019 10:01 AM,33,FanOff,50,55,ExhFanOFF,228,LightOFF,60,PumpOff,ProcessOFF
203,02/04/2019 10:01 AM,33,FanOff,50,55,ExhFanOFF,216,LightOFF,60,PumpOff,ProcessOFF
204,02/04/2019 10:00 AM,33,FanOff,50,55,ExhFanOFF,121,LightOFF,60,PumpOff,ProcessOFF
205,02/04/2019 10:00 AM,33,FanOff,50,55,ExhFanOFF,68,LightOFF,60,PumpOff,ProcessOFF
206,02/04/2019 09:59 AM,33,FanOff,50,55,ExhFanOFF,203,LightOFF,60,PumpOff,ProcessOFF
207,02/04/2019 09:58 AM,33,FanOff,50,55,ExhFanOFF,199,LightOFF,60,PumpOff,ProcessOFF
208,02/04/2019 09:58 AM,33,FanOff,51,55,ExhFanOFF,97,LightOFF,60,PumpOff,ProcessOFF
209,02/04/2019 09:57 AM,33,FanOff,51,55,ExhFanOFF,39,LightOFF,60,PumpOff,ProcessOFF
210,02/04/2019 09:57 AM,33,FanOff,51,56,ExhFanOFF,228,LightOFF,60,PumpOff,ProcessOFF
211,02/04/2019 09:56 AM,33,FanOff,51,55,ExhFanOFF,56,LightOFF,60,PumpOff,ProcessOFF
212,02/04/2019 09:55 AM,33,FanOff,51,55,ExhFanOFF,49,LightOFF,60,PumpOff,ProcessOFF
213,02/04/2019 09:55 AM,33,FanOff,51,55,ExhFanOFF,47,LightOFF,60,PumpOff,ProcessOFF
214,02/04/2019 09:54 AM,33,FanOff,51,55,ExhFanOFF,39,LightOFF,60,PumpOff,ProcessOFF
215,02/04/2019 09:54 AM,33,FanOff,51,55,ExhFanOFF,142,LightOFF,60,PumpOff,ProcessOFF
216,02/04/2019 09:53 AM,33,FanOff,51,55,ExhFanOFF,41,LightOFF,60,PumpOff,ProcessOFF
217,02/04/2019 09:52 AM,33,FanOff,51,55,ExhFanOFF,228,LightOFF,60,PumpOff,ProcessOFF
218,02/04/2019 09:52 AM,33,FanOff,51,56,ExhFanOFF,175,LightOFF,60,PumpOff,ProcessOFF
219,02/04/2019 09:51 AM,33,FanOff,51,55,ExhFanOFF,194,LightOFF,60,PumpOff,ProcessOFF
220,02/04/2019 09:51 AM,33,FanOff,51,55,ExhFanOFF,40,LightOFF,60,PumpOff,ProcessOFF
221,02/04/2019 09:50 AM,33,FanOff,51,56,ExhFanOFF,75,LightOFF,60,PumpOff,ProcessOFF
222,02/04/2019 09:49 AM,33,FanOff,51,56,ExhFanOFF,216,LightOFF,60,PumpOff,ProcessOFF
223,02/04/2019 09:49 AM,33,FanOff,51,55,ExhFanOFF,198,LightOFF,60,PumpOff,ProcessOFF
224,02/04/2019 09:48 AM,33,FanOff,51,56,ExhFanOFF,206,LightOFF,60,PumpOff,ProcessOFF
225,02/04/2019 09:48 AM,33,FanOff,51,56,ExhFanOFF,55,LightOFF,60,PumpOff,ProcessOFF
226,02/04/2019 09:47 AM,33,FanOff,51,56,ExhFanOFF,134,LightOFF,60,PumpOff,ProcessOFF
227,02/04/2019 09:47 AM,33,FanOff,51,56,ExhFanOFF,49,LightOFF,60,PumpOff,ProcessOFF
228,02/04/2019 09:46 AM,33,FanOff,51,55,ExhFanOFF,228,LightOFF,60,PumpOff,ProcessOFF
229,02/04/2019 09:45 AM,33,FanOff,51,56,ExhFanOFF,230,LightOFF,60,PumpOff,ProcessOFF
230,02/04/2019 09:45 AM,33,FanOff,51,56,ExhFanOFF,213,LightOFF,60,PumpOff,ProcessOFF
231,02/04/2019 09:44 AM,33,FanOff,51,55,ExhFanOFF,40,LightOFF,60,PumpOff,ProcessOFF
232,02/04/2019 09:44 AM,33,FanOff,51,56,ExhFanOFF,102,LightOFF,60,PumpOff,ProcessOFF
233,02/04/2019 09:43 AM,33,FanOff,51,56,ExhFanOFF,52,LightOFF,60,PumpOff,ProcessOFF
234,02/04/2019 09:42 AM,33,FanOff,51,56,ExhFanOFF,48,LightOFF,60,PumpOff,ProcessOFF
235,02/04/2019 09:42 AM,33,FanOff,51,56,ExhFanOFF,233,LightOFF,60,PumpOff,ProcessOFF
236,02/04/2019 09:41 AM,33,FanOff,51,56,ExhFanOFF,75,LightOFF,60,PumpOff,ProcessOFF
237,02/04/2019 09:41 AM,33,FanOff,51,56,ExhFanOFF,125,LightOFF,60,PumpOff,ProcessOFF
238,02/04/2019 09:40 AM,33,FanOff,51,56,ExhFanOFF,38,LightOFF,60,PumpOff,ProcessOFF
239,02/04/2019 09:39 AM,33,FanOff,51,56,ExhFanOFF,51,LightOFF,60,PumpOff,ProcessOFF
240,02/04/2019 09:39 AM,33,FanOff,51,57,ExhFanOFF,173,LightOFF,60,PumpOff,ProcessOFF
241,02/04/2019 09:38 AM,33,FanOff,51,57,ExhFanOFF,205,LightOFF,60,PumpOff,ProcessOFF
242,02/04/2019 09:38 AM,33,FanOff,51,56,ExhFanOFF,49,LightOFF,60,PumpOff,ProcessOFF
243,02/04/2019 09:37 AM,33,FanOff,51,57,ExhFanOFF,166,LightOFF,60,PumpOff,ProcessOFF
244,02/04/2019 09:36 AM,33,FanOff,51,56,ExhFanOFF,51,LightOFF,60,PumpOff,ProcessOFF
245,02/04/2019 09:36 AM,33,FanOff,51,56,ExhFanOFF,66,LightOFF,60,PumpOff,ProcessOFF
246,02/04/2019 09:35 AM,33,FanOff,51,57,ExhFanOFF,62,LightOFF,60,PumpOff,ProcessOFF
247,02/04/2019 09:35 AM,33,FanOff,51,56,ExhFanOFF,43,LightOFF,60,PumpOff,ProcessOFF
248,02/04/2019 09:34 AM,33,FanOff,51,57,ExhFanOFF,202,LightOFF,60,PumpOff,ProcessOFF
249,02/04/2019 09:33 AM,33,FanOff,51,57,ExhFanOFF,231,LightOFF,60,PumpOff,ProcessOFF
250,02/04/2019 09:33 AM,33,FanOff,51,57,ExhFanOFF,39,LightOFF,60,PumpOff,ProcessOFF
251,02/04/2019 09:32 AM,33,FanOff,52,57,ExhFanOFF,228,LightOFF,60,PumpOff,ProcessOFF
252,02/04/2019 09:32 AM,33,FanOff,51,57,ExhFanOFF,230,LightOFF,60,PumpOff,ProcessOFF
253,02/04/2019 09:31 AM,33,FanOff,52,57,ExhFanOFF,177,LightOFF,60,PumpOff,ProcessOFF
254,02/04/2019 09:30 AM,33,FanOff,51,57,ExhFanOFF,233,LightOFF,60,PumpOff,ProcessOFF
255,02/04/2019 09:30 AM,33,FanOff,52,57,ExhFanOFF,215,LightOFF,60,PumpOff,ProcessOFF
256,02/04/2019 09:29 AM,33,FanOff,52,57,ExhFanOFF,223,LightOFF,60,PumpOff,ProcessOFF
257,02/04/2019 09:29 AM,33,FanOff,52,58,ExhFanOFF,79,LightOFF,60,PumpOff,ProcessOFF
258,02/04/2019 09:28 AM,33,FanOff,52,57,ExhFanOFF,45,LightOFF,60,PumpOff,ProcessOFF
259,02/04/2019 09:27 AM,33,FanOff,52,57,ExhFanOFF,139,LightOFF,60,PumpOff,ProcessOFF
260,02/04/2019 09:27 AM,33,FanOff,52,57,ExhFanOFF,44,LightOFF,60,PumpOff,ProcessOFF
261,02/04/2019 09:26 AM,33,FanOff,52,58,ExhFanOFF,50,LightOFF,60,PumpOff,ProcessOFF
262,02/04/2019 09:26 AM,33,FanOff,52,57,ExhFanOFF,222,LightOFF,60,PumpOff,ProcessOFF
263,02/04/2019 09:25 AM,33,FanOff,52,57,ExhFanOFF,173,LightOFF,60,PumpOff,ProcessOFF
264,02/04/2019 09:24 AM,33,FanOff,52,57,ExhFanOFF,178,LightOFF,60,PumpOff,ProcessOFF
265,02/04/2019 09:24 AM,33,FanOff,52,57,ExhFanOFF,129,LightOFF,60,PumpOff,ProcessOFF
266,02/04/2019 09:23 AM,33,FanOff,52,57,ExhFanOFF,39,LightOFF,60,PumpOff,ProcessOFF
267,02/04/2019 09:23 AM,33,FanOff,52,58,ExhFanOFF,234,LightOFF,60,PumpOff,ProcessOFF
268,02/04/2019 09:22 AM,33,FanOff,52,57,ExhFanOFF,43,LightOFF,60,PumpOff,ProcessOFF
269,02/04/2019 09:21 AM,33,FanOff,52,58,ExhFanOFF,189,LightOFF,60,PumpOff,ProcessOFF
270,02/04/2019 09:21 AM,33,FanOff,52,58,ExhFanOFF,228,LightOFF,60,PumpOff,ProcessOFF
271,02/04/2019 09:20 AM,33,FanOff,52,58,ExhFanOFF,231,LightOFF,60,PumpOff,ProcessOFF
272,02/04/2019 09:20 AM,33,FanOff,52,58,ExhFanOFF,43,LightOFF,60,PumpOff,ProcessOFF
273,02/04/2019 09:19 AM,33,FanOff,52,58,ExhFanOFF,225,LightOFF,60,PumpOff,ProcessOFF
274,02/04/2019 09:18 AM,33,FanOff,52,58,ExhFanOFF,229,LightOFF,60,PumpOff,ProcessOFF
275,02/04/2019 09:18 AM,33,FanOff,52,58,ExhFanOFF,222,LightOFF,60,PumpOff,ProcessOFF
276,02/04/2019 09:17 AM,33,FanOff,52,58,ExhFanOFF,217,LightOFF,60,PumpOff,ProcessOFF
277,02/04/2019 09:17 AM,33,FanOff,52,58,ExhFanOFF,157,LightOFF,60,PumpOff,ProcessOFF
278,02/04/2019 09:16 AM,33,FanOff,52,58,ExhFanOFF,225,LightOFF,60,PumpOff,ProcessOFF
279,02/04/2019 09:16 AM,33,FanOff,52,58,ExhFanOFF,226,LightOFF,60,PumpOff,ProcessOFF
280,02/04/2019 09:15 AM,33,FanOff,52,58,ExhFanOFF,197,LightOFF,60,PumpOff,ProcessOFF
281,02/04/2019 09:14 AM,33,FanOff,52,58,ExhFanOFF,57,LightOFF,60,PumpOff,ProcessOFF
282,02/04/2019 09:14 AM,33,FanOff,52,58,ExhFanOFF,228,LightOFF,60,PumpOff,ProcessOFF
283,02/04/2019 09:13 AM,33,FanOff,52,58,ExhFanOFF,40,LightOFF,60,PumpOff,ProcessOFF
284,02/04/2019 09:13 AM,33,FanOff,52,59,ExhFanOFF,231,LightOFF,60,PumpOff,ProcessOFF
285,02/04/2019 09:12 AM,33,FanOff,52,58,ExhFanOFF,53,LightOFF,60,PumpOff,ProcessOFF
286,02/04/2019 09:11 AM,33,FanOff,52,59,ExhFanOFF,235,LightOFF,60,PumpOff,ProcessOFF
287,02/04/2019 09:11 AM,33,FanOff,52,59,ExhFanOFF,221,LightOFF,60,PumpOff,ProcessOFF
288,02/04/2019 09:10 AM,33,FanOff,52,59,ExhFanOFF,60,LightOFF,60,PumpOff,ProcessOFF
289,02/04/2019 09:10 AM,33,FanOff,52,59,ExhFanOFF,115,LightOFF,60,PumpOff,ProcessOFF
290,02/04/2019 09:09 AM,33,FanOff,52,59,ExhFanOFF,50,LightOFF,60,PumpOff,ProcessOFF
291,02/04/2019 09:08 AM,33,FanOff,52,59,ExhFanOFF,41,LightOFF,60,PumpOff,ProcessOFF
292,02/04/2019 09:08 AM,33,FanOff,52,59,ExhFanOFF,115,LightOFF,60,PumpOff,ProcessOFF
293,02/04/2019 09:07 AM,33,FanOff,52,60,ExhFanOFF,42,LightOFF,60,PumpOff,ProcessOFF
294,02/04/2019 09:07 AM,33,FanOff,52,60,ExhFanOFF,228,LightOFF,60,PumpOff,ProcessOFF
295,02/04/2019 09:06 AM,32,FanOff,51,59,ExhFanOFF,71,LightOFF,60,PumpOff,ProcessOFF
296,02/04/2019 09:05 AM,33,FanOff,52,59,ExhFanOFF,143,LightOFF,60,PumpOff,ProcessOFF
297,02/04/2019 09:05 AM,33,FanOff,52,60,ExhFanOFF,234,LightOFF,60,PumpOff,ProcessOFF
298,02/04/2019 09:04 AM,33,FanOff,52,60,ExhFanOFF,196,LightOFF,60,PumpOff,ProcessOFF
299,02/04/2019 09:04 AM,33,FanOff,52,59,ExhFanOFF,211,LightOFF,60,PumpOff,ProcessOFF
300,02/04/2019 09:03 AM,33,FanOff,52,59,ExhFanOFF,147,LightOFF,60,PumpOff,ProcessOFF
301,02/04/2019 09:02 AM,33,FanOff,52,59,ExhFanOFF,108,LightOFF,60,PumpOff,ProcessOFF
302,02/04/2019 09:02 AM,33,FanOff,52,60,ExhFanOFF,167,LightOFF,60,PumpOff,ProcessOFF
303,02/04/2019 09:01 AM,33,FanOff,52,60,ExhFanOFF,162,LightOFF,60,PumpOff,ProcessOFF
304,02/04/2019 09:01 AM,33,FanOff,52,60,ExhFanOFF,172,LightOFF,60,PumpOff,ProcessOFF
305,02/04/2019 09:00 AM,33,FanOff,52,60,ExhFanOFF,233,LightOFF,60,PumpOff,ProcessOFF
306,02/04/2019 08:59 AM,33,FanOff,52,60,ExhFanOFF,236,LightOFF,60,PumpOff,ProcessOFF
307,02/04/2019 08:59 AM,33,FanOff,52,60,ExhFanOFF,236,LightOFF,60,PumpOff,ProcessOFF
308,02/04/2019 08:58 AM,33,FanOff,52,60,ExhFanOFF,226,LightOFF,60,PumpOff,ProcessOFF
309,02/04/2019 08:58 AM,33,FanOff,52,59,ExhFanOFF,53,LightOFF,60,PumpOff,ProcessOFF
310,02/04/2019 08:57 AM,33,FanOff,52,60,ExhFanOFF,43,LightOFF,60,PumpOff,ProcessOFF
311,02/04/2019 08:56 AM,33,FanOff,52,60,ExhFanOFF,198,LightOFF,60,PumpOff,ProcessOFF
312,02/04/2019 08:56 AM,33,FanOff,52,60,ExhFanOFF,75,LightOFF,60,PumpOff,ProcessOFF
313,02/04/2019 08:55 AM,33,FanOff,52,59,ExhFanOFF,41,LightOFF,60,PumpOff,ProcessOFF
314,02/04/2019 08:55 AM,33,FanOff,52,59,ExhFanOFF,41,LightOFF,60,PumpOff,ProcessOFF
315,02/04/2019 08:54 AM,33,FanOff,52,59,ExhFanOFF,229,LightOFF,60,PumpOff,ProcessOFF
316,02/04/2019 08:53 AM,33,FanOff,52,60,ExhFanOFF,228,LightOFF,60,PumpOff,ProcessOFF
317,02/04/2019 08:53 AM,33,FanOff,52,59,ExhFanOFF,46,LightOFF,60,PumpOff,ProcessOFF
318,02/04/2019 08:52 AM,33,FanOff,52,60,ExhFanOFF,185,LightOFF,60,PumpOff,ProcessOFF
319,02/04/2019 08:52 AM,33,FanOff,52,60,ExhFanOFF,126,LightOFF,60,PumpOff,ProcessOFF
320,02/04/2019 08:51 AM,33,FanOff,52,60,ExhFanOFF,41,LightOFF,60,PumpOff,ProcessOFF
321,02/04/2019 08:50 AM,33,FanOff,52,60,ExhFanOFF,145,LightOFF,60,PumpOff,ProcessOFF
322,02/04/2019 08:50 AM,33,FanOff,52,60,ExhFanOFF,238,LightOFF,60,PumpOff,ProcessOFF
323,02/04/2019 08:49 AM,32,FanOff,52,60,ExhFanOFF,117,LightOFF,60,PumpOff,ProcessOFF
324,02/04/2019 08:49 AM,32,FanOff,54,57,ExhFanOFF,90,LightOFF,60,PumpOff,ProcessOFF
325,02/04/2019 08:48 AM,32,FanOff,54,60,ExhFanOFF,555,LightOn,100,PumpOff,ProcessOFF
326,02/04/2019 08:47 AM,32,FanOff,53,60,ExhFanOFF,39,LightOFF,60,PumpOff,ProcessOFF
327,02/04/2019 08:47 AM,32,FanOff,56,61,ExhFanOFF,284,LightOFF,60,PumpOff,ProcessOFF
328,02/04/2019 08:45 AM,32,FanOff,54,61,ExhFanOFF,558,LightOn,60,PumpOff,ProcessOFF
329,02/04/2019 08:44 AM,32,FanOff,54,62,ExhFanOFF,123,LightOFF,60,PumpOff,ProcessOFF
330,02/04/2019 08:44 AM,32,FanOff,54,62,ExhFanOFF,90,LightOFF,60,PumpOff,ProcessOFF
331,02/04/2019 08:43 AM,32,FanOff,54,62,ExhFanOFF,47,LightOFF,60,PumpOff,ProcessOFF
332,02/04/2019 08:43 AM,32,FanOff,54,62,ExhFanOFF,43,LightOFF,60,PumpOff,ProcessOFF
333,02/04/2019 08:42 AM,32,FanOff,54,62,ExhFanOFF,57,LightOFF,60,PumpOff,ProcessOFF
334,02/04/2019 08:41 AM,31,FanOff,54,63,ExhFanOFF,223,LightOFF,60,PumpOff,ProcessOFF
335,02/04/2019 08:41 AM,32,FanOff,54,62,ExhFanOFF,44,LightOFF,60,PumpOff,ProcessOFF
336,02/04/2019 08:40 AM,32,FanOff,54,62,ExhFanOFF,50,LightOFF,60,PumpOff,ProcessOFF
337,02/04/2019 08:40 AM,32,FanOff,54,62,ExhFanOFF,45,LightOFF,60,PumpOff,ProcessOFF
338,02/04/2019 08:39 AM,32,FanOff,54,63,ExhFanOFF,41,LightOFF,60,PumpOff,ProcessOFF
339,02/04/2019 08:38 AM,32,FanOff,54,63,ExhFanOFF,299,LightOFF,60,PumpOff,ProcessOFF
340,02/04/2019 08:38 AM,32,FanOff,54,63,ExhFanOFF,49,LightOFF,60,PumpOff,ProcessOFF
341,02/04/2019 08:37 AM,32,FanOff,54,63,ExhFanOFF,197,LightOFF,60,PumpOff,ProcessOFF
342,02/04/2019 08:37 AM,32,FanOff,54,64,ExhFanOFF,52,LightOFF,60,PumpOff,ProcessOFF
343,02/04/2019 08:36 AM,32,FanOff,54,64,ExhFanOFF,41,LightOFF,60,PumpOff,ProcessOFF
344,02/04/2019 08:36 AM,32,FanOff,54,64,ExhFanOFF,43,LightOFF,60,PumpOff,ProcessOFF
345,02/04/2019 08:35 AM,32,FanOff,54,64,ExhFanOFF,67,LightOFF,60,PumpOff,ProcessOFF
346,02/04/2019 08:34 AM,32,FanOff,53,65,ExhFanOFF,121,LightOFF,60,PumpOff,ProcessOFF
347,02/04/2019 08:34 AM,32,FanOff,54,64,ExhFanOFF,94,LightOFF,60,PumpOff,ProcessOFF
348,02/04/2019 08:33 AM,32,FanOff,53,65,ExhFanOFF,244,LightOFF,60,PumpOff,ProcessOFF
349,02/04/2019 08:33 AM,32,FanOff,53,66,ExhFanOFF,240,LightOFF,60,PumpOff,ProcessOFF
350,02/04/2019 08:32 AM,32,FanOff,53,66,ExhFanOFF,237,LightOFF,60,PumpOff,ProcessOFF
351,02/04/2019 08:31 AM,32,FanOff,53,67,ExhFanOFF,135,LightOFF,60,PumpOff,ProcessOFF
352,02/04/2019 08:31 AM,32,FanOff,53,66,ExhFanOFF,55,LightOFF,60,PumpOff,ProcessOFF
353,02/04/2019 08:30 AM,32,FanOff,53,66,ExhFanOFF,235,LightOFF,60,PumpOff,ProcessOFF
354,02/04/2019 08:30 AM,32,FanOff,53,67,ExhFanOFF,249,LightOFF,60,PumpOff,ProcessOFF
355,02/04/2019 08:29 AM,32,FanOff,53,68,ExhFanOFF,146,LightOFF,60,PumpOff,ProcessOFF
356,02/04/2019 08:28 AM,32,FanOff,53,67,ExhFanOFF,46,LightOFF,60,PumpOff,ProcessOFF
357,02/04/2019 08:28 AM,32,FanOff,53,67,ExhFanOFF,44,LightOFF,60,PumpOff,ProcessOFF
358,02/04/2019 08:27 AM,32,FanOff,53,68,ExhFanOFF,241,LightOFF,60,PumpOff,ProcessOFF
359,02/04/2019 08:27 AM,32,FanOff,53,67,ExhFanOFF,239,LightOFF,60,PumpOff,ProcessOFF
360,02/04/2019 08:26 AM,32,FanOff,53,68,ExhFanOFF,61,LightOFF,60,PumpOff,ProcessOFF
361,02/04/2019 08:25 AM,32,FanOff,53,68,ExhFanOFF,61,LightOFF,60,PumpOff,ProcessOFF
362,02/04/2019 08:25 AM,32,FanOff,53,68,ExhFanOFF,251,LightOFF,60,PumpOff,ProcessOFF
363,02/04/2019 08:24 AM,32,FanOff,52,68,ExhFanOFF,89,LightOFF,60,PumpOff,ProcessOFF
364,02/04/2019 08:24 AM,32,FanOff,52,68,ExhFanOFF,68,LightOFF,60,PumpOff,ProcessOFF
365,02/04/2019 08:23 AM,32,FanOff,52,68,ExhFanOFF,45,LightOFF,60,PumpOff,ProcessOFF
366,02/04/2019 08:22 AM,32,FanOff,52,67,ExhFanOFF,241,LightOFF,60,PumpOff,ProcessOFF
367,02/04/2019 08:22 AM,32,FanOff,52,68,ExhFanOFF,63,LightOFF,60,PumpOff,ProcessOFF
368,02/04/2019 08:21 AM,32,FanOff,51,67,ExhFanOFF,58,LightOFF,60,PumpOff,ProcessOFF
369,02/04/2019 08:21 AM,33,FanOff,52,63,ExhFanOFF,43,LightOFF,60,PumpOff,ProcessOFF
370,02/04/2019 08:20 AM,33,FanOff,51,66,ExhFanOFF,548,LightOn,60,PumpOff,ProcessOFF
371,02/04/2019 08:19 AM,33,FanOff,50,65,ExhFanOFF,246,LightOFF,40,PumpOn,ProcessOFF
372,02/04/2019 08:19 AM,33,FanOff,50,65,ExhFanOFF,323,LightOFF,60,PumpOff,ProcessOFF
373,02/04/2019 08:18 AM,33,FanOff,49,64,ExhFanOFF,113,LightOFF,45,PumpOff,ProcessOFF
374,02/04/2019 08:17 AM,33,FanOff,49,63,ExhFanOFF,39,LightOFF,40,PumpOn,ProcessOFF
375,02/04/2019 08:17 AM,33,FanOff,49,61,ExhFanOFF,59,LightOFF,40,PumpOn,ProcessOFF
376,02/04/2019 08:16 AM,33,FanOff,50,63,ExhFanOFF,549,LightOn,100,PumpOff,ProcessOFF
377,02/04/2019 08:15 AM,33,FanOff,49,63,ExhFanOFF,106,LightOFF,75,PumpOff,ProcessOFF
378,02/04/2019 08:15 AM,33,FanOff,49,63,ExhFanOFF,351,LightOFF,75,PumpOff,ProcessOFF
379,02/04/2019 08:14 AM,33,FanOff,50,65,ExhFanOFF,140,LightOFF,75,PumpOff,ProcessOFF
380,02/04/2019 08:02 AM,33,FanOff,47,60,ExhFanOFF,165,LightOFF,75,PumpOff,ProcessOFF
381,02/04/2019 08:02 AM,33,FanOff,47,60,ExhFanOFF,91,LightOFF,75,PumpOff,ProcessOFF
382,02/04/2019 08:01 AM,34,FanOff,47,59,ExhFanOFF,195,LightOFF,75,PumpOff,ProcessOFF
383,02/04/2019 08:01 AM,34,FanOff,47,59,ExhFanOFF,199,LightOFF,75,PumpOff,ProcessOFF
384,02/04/2019 08:00 AM,34,FanOff,46,59,ExhFanOFF,41,LightOFF,75,PumpOff,ProcessOFF
385,02/04/2019 07:59 AM,34,FanOff,46,59,ExhFanOFF,200,LightOFF,75,PumpOff,ProcessOFF
386,02/04/2019 07:59 AM,34,FanOff,46,59,ExhFanOFF,138,LightOFF,75,PumpOff,ProcessOFF
387,02/04/2019 07:58 AM,34,FanOff,46,59,ExhFanOFF,93,LightOFF,75,PumpOff,ProcessOFF
388,02/04/2019 07:58 AM,34,FanOff,46,59,ExhFanOFF,98,LightOFF,75,PumpOff,ProcessOFF
389,02/04/2019 07:57 AM,34,FanOff,46,58,ExhFanOFF,41,LightOFF,75,PumpOff,ProcessOFF
390,02/04/2019 07:56 AM,34,FanOff,46,58,ExhFanOFF,133,LightOFF,75,PumpOff,ProcessOFF
391,02/04/2019 07:56 AM,34,FanOff,46,58,ExhFanOFF,226,LightOFF,75,PumpOff,ProcessOFF
392,02/04/2019 07:55 AM,34,FanOff,46,57,ExhFanOFF,275,LightOFF,40,PumpOn,ProcessOFF
393,02/04/2019 07:55 AM,34,FanOff,46,57,ExhFanOFF,55,LightOFF,75,PumpOff,ProcessOFF
394,02/04/2019 07:54 AM,34,FanOff,46,56,ExhFanOFF,60,LightOFF,75,PumpOff,ProcessOFF
395,02/04/2019 07:53 AM,34,FanOff,46,56,ExhFanOFF,99,LightOFF,75,PumpOff,ProcessOFF
396,02/04/2019 07:53 AM,34,FanOff,46,55,ExhFanOFF,47,LightOFF,75,PumpOff,ProcessOFF
397,02/04/2019 07:52 AM,34,FanOff,46,56,ExhFanOFF,38,LightOFF,75,PumpOff,ProcessOFF
398,02/04/2019 07:52 AM,34,FanOff,46,56,ExhFanOFF,216,LightOFF,75,PumpOff,ProcessOFF
399,02/04/2019 07:51 AM,34,FanOff,46,55,ExhFanOFF,195,LightOFF,75,PumpOff,ProcessOFF
400,02/04/2019 07:50 AM,34,FanOff,46,55,ExhFanOFF,237,LightOFF,75,PumpOff,ProcessOFF
401,02/04/2019 07:50 AM,34,FanOff,46,55,ExhFanOFF,50,LightOFF,75,PumpOff,ProcessOFF
402,02/04/2019 07:49 AM,34,FanOff,46,54,ExhFanOFF,75,LightOFF,60,PumpOff,ProcessOFF
403,02/04/2019 07:49 AM,34,FanOff,46,54,ExhFanOFF,37,LightOFF,60,PumpOff,ProcessOFF
404,02/04/2019 07:48 AM,34,FanOff,46,54,ExhFanOFF,224,LightOFF,60,PumpOff,ProcessOFF
405,02/04/2019 07:47 AM,34,FanOff,46,54,ExhFanOFF,235,LightOFF,60,PumpOff,ProcessOFF
406,02/04/2019 07:47 AM,34,FanOff,46,54,ExhFanOFF,45,LightOFF,60,PumpOff,ProcessOFF
407,02/04/2019 07:46 AM,34,FanOff,46,54,ExhFanOFF,226,LightOFF,60,PumpOff,ProcessOFF
408,02/04/2019 07:46 AM,34,FanOff,46,54,ExhFanOFF,205,LightOFF,60,PumpOff,ProcessOFF
409,02/04/2019 07:45 AM,34,FanOff,47,53,ExhFanOFF,112,LightOFF,60,PumpOff,ProcessOFF
410,02/04/2019 07:44 AM,34,FanOff,47,53,ExhFanOFF,241,LightOFF,60,PumpOff,ProcessOFF
411,02/04/2019 07:44 AM,34,FanOff,47,53,ExhFanOFF,64,LightOFF,60,PumpOff,ProcessOFF
412,02/04/2019 07:43 AM,34,FanOff,47,53,ExhFanOFF,39,LightOFF,60,PumpOff,ProcessOFF
413,02/04/2019 07:43 AM,33,FanOff,47,53,ExhFanOFF,52,LightOFF,60,PumpOff,ProcessOFF
414,02/04/2019 07:42 AM,33,FanOff,47,53,ExhFanOFF,242,LightOFF,60,PumpOff,ProcessOFF
415,02/04/2019 07:41 AM,33,FanOff,47,53,ExhFanOFF,177,LightOFF,60,PumpOff,ProcessOFF
416,02/04/2019 07:41 AM,33,FanOff,47,53,ExhFanOFF,204,LightOFF,60,PumpOff,ProcessOFF
417,02/04/2019 07:40 AM,33,FanOff,48,53,ExhFanOFF,93,LightOFF,60,PumpOff,ProcessOFF
418,02/04/2019 07:40 AM,33,FanOff,48,53,ExhFanOFF,236,LightOFF,60,PumpOff,ProcessOFF
419,02/04/2019 07:39 AM,33,FanOff,48,53,ExhFanOFF,135,LightOFF,60,PumpOff,ProcessOFF
420,02/04/2019 07:38 AM,33,FanOff,48,53,ExhFanOFF,50,LightOFF,60,PumpOff,ProcessOFF
421,02/04/2019 07:38 AM,33,FanOff,48,53,ExhFanOFF,44,LightOFF,60,PumpOff,ProcessOFF
422,02/04/2019 07:37 AM,33,FanOff,48,53,ExhFanOFF,122,LightOFF,60,PumpOff,ProcessOFF
423,02/04/2019 07:37 AM,33,FanOff,49,53,ExhFanOFF,234,LightOFF,60,PumpOff,ProcessOFF
424,02/04/2019 07:36 AM,33,FanOff,49,53,ExhFanOFF,47,LightOFF,60,PumpOff,ProcessOFF
425,02/04/2019 07:35 AM,33,FanOff,49,53,ExhFanOFF,46,LightOFF,60,PumpOff,ProcessOFF
426,02/04/2019 07:35 AM,33,FanOff,49,53,ExhFanOFF,143,LightOFF,60,PumpOff,ProcessOFF
427,02/04/2019 07:34 AM,32,FanOff,49,53,ExhFanOFF,224,LightOFF,60,PumpOff,ProcessOFF
428,02/04/2019 07:34 AM,32,FanOff,49,53,ExhFanOFF,244,LightOFF,60,PumpOff,ProcessOFF
429,02/04/2019 07:33 AM,32,FanOff,50,53,ExhFanOFF,228,LightOFF,60,PumpOff,ProcessOFF
430,02/04/2019 07:32 AM,32,FanOff,50,53,ExhFanOFF,36,LightOFF,60,PumpOff,ProcessOFF
431,02/04/2019 07:32 AM,32,FanOff,51,53,ExhFanOFF,237,LightOFF,60,PumpOff,ProcessOFF
432,02/04/2019 07:31 AM,32,FanOff,56,53,ExhFanOFF,38,LightOFF,60,PumpOff,ProcessOFF
433,02/04/2019 07:31 AM,32,FanOff,49,54,ExhFanOFF,211,LightOFF,60,PumpOff,ProcessOFF
434,02/04/2019 07:30 AM,32,FanOff,49,53,ExhFanOFF,212,LightOFF,60,PumpOff,ProcessOFF
435,02/04/2019 07:29 AM,33,FanOff,49,53,ExhFanOFF,37,LightOFF,60,PumpOff,ProcessOFF
436,02/04/2019 07:29 AM,33,FanOff,49,54,ExhFanOFF,220,LightOFF,60,PumpOff,ProcessOFF
437,02/04/2019 07:28 AM,33,FanOff,48,54,ExhFanOFF,221,LightOFF,60,PumpOff,ProcessOFF
438,02/04/2019 07:28 AM,33,FanOff,48,54,ExhFanOFF,213,LightOFF,60,PumpOff,ProcessOFF
439,02/04/2019 07:27 AM,33,FanOff,48,53,ExhFanOFF,210,LightOFF,60,PumpOff,ProcessOFF
440,02/04/2019 07:27 AM,33,FanOff,48,54,ExhFanOFF,129,LightOFF,60,PumpOff,ProcessOFF
441,02/04/2019 07:26 AM,33,FanOff,48,53,ExhFanOFF,38,LightOFF,60,PumpOff,ProcessOFF
442,02/04/2019 07:25 AM,33,FanOff,48,53,ExhFanOFF,209,LightOFF,60,PumpOff,ProcessOFF
443,02/04/2019 07:25 AM,33,FanOff,48,53,ExhFanOFF,210,LightOFF,60,PumpOff,ProcessOFF
444,02/04/2019 07:24 AM,33,FanOff,48,53,ExhFanOFF,39,LightOFF,60,PumpOff,ProcessOFF
445,02/04/2019 07:24 AM,33,FanOff,48,54,ExhFanOFF,210,LightOFF,60,PumpOff,ProcessOFF
446,02/04/2019 07:23 AM,33,FanOff,48,54,ExhFanOFF,207,LightOFF,60,PumpOff,ProcessOFF
447,02/04/2019 07:22 AM,33,FanOff,48,53,ExhFanOFF,67,LightOFF,60,PumpOff,ProcessOFF
448,02/04/2019 07:22 AM,33,FanOff,48,54,ExhFanOFF,210,LightOFF,60,PumpOff,ProcessOFF
449,02/04/2019 07:21 AM,33,FanOff,48,55,ExhFanOFF,122,LightOFF,60,PumpOff,ProcessOFF
450,02/04/2019 07:21 AM,33,FanOff,48,54,ExhFanOFF,142,LightOFF,60,PumpOff,ProcessOFF
451,02/04/2019 07:20 AM,33,FanOff,48,55,ExhFanOFF,193,LightOFF,60,PumpOff,ProcessOFF
452,02/04/2019 07:19 AM,33,FanOff,48,55,ExhFanOFF,208,LightOFF,60,PumpOff,ProcessOFF
453,02/04/2019 07:19 AM,33,FanOff,48,55,ExhFanOFF,195,LightOFF,60,PumpOff,ProcessOFF
454,02/04/2019 07:18 AM,33,FanOff,47,56,ExhFanOFF,481,LightOFF,60,PumpOff,ProcessOFF
455,02/04/2019 07:18 AM,33,FanOff,47,56,ExhFanOFF,219,LightOFF,60,PumpOff,ProcessOFF
456,02/04/2019 07:17 AM,33,FanOff,47,56,ExhFanOFF,49,LightOFF,60,PumpOff,ProcessOFF
457,02/04/2019 07:16 AM,33,FanOff,47,56,ExhFanOFF,216,LightOFF,60,PumpOff,ProcessOFF
458,02/04/2019 07:16 AM,33,FanOff,47,57,ExhFanOFF,39,LightOFF,60,PumpOff,ProcessOFF
459,02/04/2019 07:15 AM,33,FanOff,47,56,ExhFanOFF,51,LightOFF,60,PumpOff,ProcessOFF
460,02/04/2019 07:15 AM,33,FanOff,47,55,ExhFanOFF,219,LightOFF,60,PumpOff,ProcessOFF
461,02/04/2019 07:14 AM,33,FanOff,47,52,ExhFanOFF,59,LightOFF,60,PumpOff,ProcessOFF
462,02/04/2019 07:13 AM,33,FanOff,47,51,ExhFanOFF,209,LightOFF,60,PumpOff,ProcessOFF
463,02/04/2019 07:13 AM,33,FanOff,47,51,ExhFanOFF,38,LightOFF,60,PumpOff,ProcessOFF
464,02/04/2019 07:12 AM,33,FanOff,47,51,ExhFanOFF,41,LightOFF,60,PumpOff,ProcessOFF
465,02/04/2019 07:12 AM,33,FanOff,47,52,ExhFanOFF,63,LightOFF,60,PumpOff,ProcessOFF
466,02/04/2019 07:11 AM,33,FanOff,47,52,ExhFanOFF,215,LightOFF,60,PumpOff,ProcessOFF
467,02/04/2019 07:10 AM,33,FanOff,47,52,ExhFanOFF,139,LightOFF,60,PumpOff,ProcessOFF
468,02/04/2019 07:10 AM,33,FanOff,47,51,ExhFanOFF,84,LightOFF,60,PumpOff,ProcessOFF
469,02/04/2019 07:09 AM,33,FanOff,47,51,ExhFanOFF,219,LightOFF,60,PumpOff,ProcessOFF
470,02/04/2019 07:09 AM,33,FanOff,47,51,ExhFanOFF,219,LightOFF,60,PumpOff,ProcessOFF
471,02/04/2019 07:08 AM,33,FanOff,47,50,ExhFanOFF,35,LightOFF,60,PumpOff,ProcessOFF
472,02/04/2019 07:07 AM,33,FanOff,47,50,ExhFanOFF,90,LightOFF,60,PumpOff,ProcessOFF
473,02/04/2019 07:07 AM,33,FanOff,47,50,ExhFanOFF,189,LightOFF,60,PumpOff,ProcessOFF
474,02/04/2019 07:06 AM,33,FanOff,47,50,ExhFanOFF,206,LightOFF,60,PumpOff,ProcessOFF
475,02/04/2019 07:06 AM,33,FanOff,47,50,ExhFanOFF,59,LightOFF,60,PumpOff,ProcessOFF
476,02/04/2019 07:05 AM,33,FanOff,47,50,ExhFanOFF,45,LightOFF,60,PumpOff,ProcessOFF
477,02/04/2019 07:04 AM,33,FanOff,47,50,ExhFanOFF,70,LightOFF,60,PumpOff,ProcessOFF
478,02/04/2019 07:04 AM,33,FanOff,48,50,ExhFanOFF,333,LightOFF,60,PumpOff,ProcessOFF
479,02/04/2019 07:03 AM,32,FanOff,47,50,ExhFanOFF,385,LightOFF,60,PumpOff,ProcessON
480,02/04/2019 07:01 AM,32,FanOff,47,50,ExhFanOFF,223,LightOFF,60,PumpOff,ProcessOFF
481,02/04/2019 07:00 AM,32,FanOff,47,50,ExhFanOFF,399,LightOFF,60,PumpOff,ProcessOFF
482,02/04/2019 06:59 AM,32,FanOff,47,50,ExhFanOFF,404,LightOFF,40,PumpOn,ProcessOFF
483,02/04/2019 06:59 AM,32,FanOff,47,50,ExhFanOFF,353,LightOFF,75,PumpOff,ProcessOFF
484,02/04/2019 06:58 AM,32,FanOff,47,50,ExhFanOFF,401,LightOFF,75,PumpOff,ProcessOFF
485,02/04/2019 06:58 AM,32,FanOff,48,50,ExhFanOFF,555,LightOFF,75,PumpOff,ProcessOFF
486,02/04/2019 06:57 AM,32,FanOff,47,51,ExhFanOFF,400,LightOFF,75,PumpOff,ProcessOFF
487,02/04/2019 06:56 AM,32,FanOff,48,51,ExhFanOFF,505,LightOFF,75,PumpOff,ProcessOFF
488,02/04/2019 06:56 AM,32,FanOff,48,51,ExhFanOFF,557,LightOFF,75,PumpOff,ProcessOFF
489,02/04/2019 06:55 AM,32,FanOff,48,51,ExhFanOFF,399,LightOFF,75,PumpOff,ProcessOFF
490,02/04/2019 06:55 AM,32,FanOff,48,50,ExhFanOFF,405,LightOFF,75,PumpOff,ProcessOFF
491,02/04/2019 06:54 AM,32,FanOff,48,50,ExhFanOFF,403,LightOFF,75,PumpOff,ProcessOFF
492,02/04/2019 06:53 AM,32,FanOff,48,51,ExhFanOFF,558,LightOFF,75,PumpOff,ProcessOFF
493,02/04/2019 06:53 AM,33,FanOff,49,51,ExhFanOFF,436,LightOFF,75,PumpOff,ProcessOFF
494,02/04/2019 06:52 AM,33,FanOff,49,52,ExhFanOFF,516,LightOFF,75,PumpOff,ProcessOFF
495,02/04/2019 06:52 AM,33,FanOff,49,51,ExhFanOFF,510,LightOFF,75,PumpOff,ProcessOFF
496,02/04/2019 06:51 AM,33,FanOff,51,51,ExhFanOFF,403,LightOFF,75,PumpOff,ProcessOFF
497,02/04/2019 06:50 AM,33,FanOff,69,51,ExhFanOFF,391,LightOFF,75,PumpOff,ProcessOFF
498,02/04/2019 06:50 AM,32,FanOff,68,51,ExhFanOFF,468,LightOFF,75,PumpOff,ProcessOFF
499,02/04/2019 06:49 AM,32,FanOff,50,52,ExhFanOFF,525,LightOFF,75,PumpOff,ProcessOFF
500,02/04/2019 06:49 AM,32,FanOff,50,51,ExhFanOFF,487,LightOFF,75,PumpOff,ProcessOFF
501,02/04/2019 06:48 AM,32,FanOff,50,52,ExhFanOFF,477,LightOFF,75,PumpOff,ProcessOFF
502,02/04/2019 06:47 AM,32,FanOff,50,53,ExhFanOFF,505,LightOFF,75,PumpOff,ProcessOFF
503,02/04/2019 06:47 AM,32,FanOff,50,52,ExhFanOFF,475,LightOFF,75,PumpOff,ProcessOFF
504,02/04/2019 06:46 AM,32,FanOff,50,53,ExhFanOFF,465,LightOFF,75,PumpOff,ProcessOFF
505,02/04/2019 06:46 AM,32,FanOff,50,53,ExhFanOFF,551,LightOFF,75,PumpOff,ProcessOFF
506,02/04/2019 06:45 AM,32,FanOff,50,53,ExhFanOFF,394,LightOFF,75,PumpOff,ProcessOFF
507,02/04/2019 06:44 AM,32,FanOff,50,54,ExhFanOFF,560,LightOFF,75,PumpOff,ProcessOFF
508,02/04/2019 06:44 AM,32,FanOff,50,54,ExhFanOFF,551,LightOFF,75,PumpOff,ProcessOFF
509,02/04/2019 06:43 AM,32,FanOff,50,54,ExhFanOFF,554,LightOFF,75,PumpOff,ProcessOFF
510,02/04/2019 06:43 AM,32,FanOff,50,54,ExhFanOFF,560,LightOFF,75,PumpOff,ProcessOFF
511,02/04/2019 06:42 AM,32,FanOff,50,55,ExhFanOFF,557,LightOFF,75,PumpOff,ProcessOFF
512,02/04/2019 06:41 AM,32,FanOff,50,55,ExhFanOFF,457,LightOFF,75,PumpOff,ProcessOFF
513,02/04/2019 06:40 AM,32,FanOff,50,55,ExhFanOFF,490,LightOFF,75,PumpOff,ProcessOFF
514,02/04/2019 06:40 AM,32,FanOff,50,56,ExhFanOFF,392,LightOFF,75,PumpOff,ProcessOFF
515,02/04/2019 06:39 AM,32,FanOff,50,56,ExhFanOFF,447,LightOFF,75,PumpOff,ProcessOFF
516,02/04/2019 06:38 AM,32,FanOff,50,56,ExhFanOFF,398,LightOFF,75,PumpOff,ProcessOFF
517,02/04/2019 06:38 AM,32,FanOff,50,57,ExhFanOFF,562,LightOFF,40,PumpOn,ProcessOFF
518,02/04/2019 06:37 AM,32,FanOff,50,53,ExhFanOFF,450,LightOFF,75,PumpOff,ProcessOFF
519,02/04/2019 06:37 AM,32,FanOff,50,57,ExhFanOFF,555,LightOFF,75,PumpOff,ProcessOFF
520,02/04/2019 06:35 AM,32,FanOff,50,61,ExhFanOFF,459,LightOFF,75,PumpOff,ProcessOFF
521,02/04/2019 06:17 AM,32,FanOff,51,48,ExhFanOFF,493,LightOFF,75,PumpOff,ProcessON
522,02/04/2019 06:11 AM,32,FanOff,51,48,ExhFanOFF,493,LightOFF,75,PumpOff,ProcessON
523,02/04/2019 06:09 AM,32,FanOff,51,49,ExhFanOFF,377,LightOFF,75,PumpOff,ProcessON
524,02/04/2019 06:06 AM,32,FanOff,51,50,ExhFanOFF,554,LightOFF,75,PumpOff,ProcessON
525,02/04/2019 06:04 AM,32,FanOff,51,51,ExhFanOFF,375,LightOFF,75,PumpOff,ProcessON
526,02/04/2019 05:59 AM,32,FanOff,51,48,ExhFanOFF,404,LightOn,75,PumpOff,ProcessOFF
527,02/04/2019 05:59 AM,32,FanOff,51,48,ExhFanOFF,475,LightOn,75,PumpOff,ProcessOFF
528,02/04/2019 05:58 AM,32,FanOff,51,48,ExhFanOFF,387,LightOn,75,PumpOff,ProcessOFF
529,02/04/2019 05:57 AM,32,FanOff,51,48,ExhFanOFF,556,LightOn,75,PumpOff,ProcessOFF
530,02/04/2019 05:57 AM,32,FanOff,51,48,ExhFanOFF,386,LightOn,75,PumpOff,ProcessOFF
531,02/04/2019 05:56 AM,32,FanOff,51,48,ExhFanOFF,550,LightOn,75,PumpOff,ProcessOFF
532,02/04/2019 05:56 AM,32,FanOff,51,49,ExhFanOFF,555,LightOn,75,PumpOff,ProcessOFF
533,02/04/2019 05:55 AM,32,FanOff,51,48,ExhFanOFF,389,LightOn,75,PumpOff,ProcessOFF
534,02/04/2019 05:54 AM,32,FanOff,51,49,ExhFanOFF,530,LightOn,75,PumpOff,ProcessOFF
535,02/04/2019 05:54 AM,32,FanOff,51,48,ExhFanOFF,557,LightOn,75,PumpOff,ProcessOFF
536,02/04/2019 05:53 AM,32,FanOff,51,48,ExhFanOFF,386,LightOn,75,PumpOff,ProcessOFF
537,02/04/2019 05:53 AM,32,FanOff,51,49,ExhFanOFF,437,LightOn,75,PumpOff,ProcessOFF
538,02/04/2019 05:52 AM,32,FanOff,51,49,ExhFanOFF,412,LightOn,75,PumpOff,ProcessOFF
539,02/04/2019 05:51 AM,32,FanOff,51,49,ExhFanOFF,557,LightOn,75,PumpOff,ProcessOFF
540,02/04/2019 05:51 AM,32,FanOff,51,49,ExhFanOFF,456,LightOn,75,PumpOff,ProcessOFF
541,02/04/2019 05:50 AM,32,FanOff,51,49,ExhFanOFF,554,LightOn,75,PumpOff,ProcessOFF
542,02/04/2019 05:50 AM,32,FanOff,51,48,ExhFanOFF,461,LightOn,75,PumpOff,ProcessOFF
543,02/04/2019 05:49 AM,32,FanOff,51,49,ExhFanOFF,425,LightOn,75,PumpOff,ProcessOFF
544,02/04/2019 05:49 AM,32,FanOff,51,49,ExhFanOFF,557,LightOn,75,PumpOff,ProcessOFF
545,02/04/2019 05:48 AM,32,FanOff,52,49,ExhFanOFF,519,LightOn,75,PumpOff,ProcessOFF
546,02/04/2019 05:47 AM,32,FanOff,52,49,ExhFanOFF,387,LightOn,75,PumpOff,ProcessOFF
547,02/04/2019 05:47 AM,32,FanOff,52,50,ExhFanOFF,420,LightOn,75,PumpOff,ProcessOFF
548,02/04/2019 05:46 AM,32,FanOff,52,50,ExhFanOFF,387,LightOn,75,PumpOff,ProcessOFF
549,02/04/2019 05:46 AM,32,FanOff,52,49,ExhFanOFF,492,LightOn,75,PumpOff,ProcessOFF
550,02/04/2019 05:45 AM,32,FanOff,52,49,ExhFanOFF,442,LightOn,75,PumpOff,ProcessOFF
551,02/04/2019 05:44 AM,32,FanOff,52,49,ExhFanOFF,536,LightOn,75,PumpOff,ProcessOFF
552,02/04/2019 05:44 AM,32,FanOff,52,49,ExhFanOFF,449,LightOn,75,PumpOff,ProcessOFF
553,02/04/2019 05:43 AM,32,FanOff,52,50,ExhFanOFF,519,LightOn,75,PumpOff,ProcessOFF
554,02/04/2019 05:43 AM,32,FanOff,52,50,ExhFanOFF,416,LightOn,75,PumpOff,ProcessOFF
555,02/04/2019 05:42 AM,32,FanOff,52,50,ExhFanOFF,389,LightOn,75,PumpOff,ProcessOFF
556,02/04/2019 05:41 AM,32,FanOff,52,49,ExhFanOFF,501,LightOn,75,PumpOff,ProcessOFF
557,02/04/2019 05:41 AM,32,FanOff,52,50,ExhFanOFF,386,LightOn,75,PumpOff,ProcessOFF
558,02/04/2019 05:40 AM,32,FanOff,52,49,ExhFanOFF,553,LightOn,75,PumpOff,ProcessOFF
559,02/04/2019 05:40 AM,32,FanOff,52,49,ExhFanOFF,558,LightOn,75,PumpOff,ProcessOFF
560,02/04/2019 05:39 AM,32,FanOff,52,48,ExhFanOFF,373,LightOn,75,PumpOff,ProcessOFF
561,02/04/2019 05:38 AM,32,FanOff,52,48,ExhFanOFF,559,LightOn,75,PumpOff,ProcessOFF
562,02/04/2019 05:38 AM,32,FanOff,52,49,ExhFanOFF,375,LightOn,75,PumpOff,ProcessOFF
563,02/04/2019 05:37 AM,32,FanOff,51,52,ExhFanOFF,376,LightOn,75,PumpOff,ProcessOFF
564,02/04/2019 05:34 AM,32,FanOff,51,51,ExhFanOFF,563,LightOn,100,PumpOff,ProcessOFF
565,02/04/2019 05:33 AM,32,FanOff,51,55,ExhFanOFF,424,LightOn,75,PumpOff,ProcessOFF
566,02/04/2019 05:32 AM,32,FanOff,51,55,ExhFanOFF,431,LightOn,75,PumpOff,ProcessOFF
567,02/04/2019 05:32 AM,32,FanOff,51,61,ExhFanOFF,474,LightOn,75,PumpOff,ProcessOFF
568,02/04/2019 05:31 AM,32,FanOff,51,55,ExhFanOFF,399,LightOn,75,PumpOff,ProcessOFF
569,02/04/2019 05:31 AM,32,FanOff,51,55,ExhFanOFF,540,LightOn,75,PumpOff,ProcessOFF
570,02/04/2019 05:30 AM,32,FanOff,51,54,ExhFanOFF,541,LightOn,75,PumpOff,ProcessOFF
571,02/04/2019 05:29 AM,32,FanOff,51,53,ExhFanOFF,447,LightOn,75,PumpOff,ProcessOFF
572,02/04/2019 05:29 AM,32,FanOff,51,54,ExhFanOFF,485,LightOn,75,PumpOff,ProcessOFF
573,02/04/2019 05:28 AM,32,FanOff,51,53,ExhFanOFF,419,LightOn,75,PumpOff,ProcessOFF
574,02/04/2019 05:28 AM,32,FanOff,51,53,ExhFanOFF,551,LightOn,75,PumpOff,ProcessOFF
575,02/04/2019 05:27 AM,32,FanOff,51,53,ExhFanOFF,550,LightOn,75,PumpOff,ProcessOFF
576,02/04/2019 05:26 AM,32,FanOff,51,54,ExhFanOFF,423,LightOn,75,PumpOff,ProcessOFF
577,02/04/2019 05:26 AM,32,FanOff,51,54,ExhFanOFF,536,LightOn,75,PumpOff,ProcessOFF
578,02/04/2019 05:25 AM,32,FanOff,51,54,ExhFanOFF,549,LightOn,75,PumpOff,ProcessOFF
579,02/04/2019 05:25 AM,32,FanOff,51,54,ExhFanOFF,557,LightOn,75,PumpOff,ProcessOFF
580,02/04/2019 05:24 AM,32,FanOff,51,53,ExhFanOFF,427,LightOn,75,PumpOff,ProcessOFF
581,02/04/2019 05:23 AM,32,FanOff,51,54,ExhFanOFF,493,LightOn,75,PumpOff,ProcessOFF
582,02/04/2019 05:23 AM,32,FanOff,51,54,ExhFanOFF,427,LightOn,45,PumpOff,ProcessOFF
583,02/04/2019 05:22 AM,32,FanOff,51,54,ExhFanOFF,435,LightOn,45,PumpOff,ProcessOFF
584,02/04/2019 05:22 AM,32,FanOff,51,54,ExhFanOFF,550,LightOn,40,PumpOn,ProcessOFF
585,02/04/2019 05:21 AM,32,FanOff,51,54,ExhFanOFF,548,LightOn,40,PumpOn,ProcessOFF
586,02/04/2019 05:20 AM,32,FanOff,51,54,ExhFanOFF,551,LightOn,75,PumpOff,ProcessOFF
587,02/04/2019 05:20 AM,32,FanOff,51,54,ExhFanOFF,545,LightOn,75,PumpOff,ProcessOFF
588,02/04/2019 05:19 AM,32,FanOff,51,55,ExhFanOFF,551,LightOn,75,PumpOff,ProcessOFF
589,02/04/2019 05:18 AM,32,FanOff,51,54,ExhFanOFF,548,LightOn,60,PumpOff,ProcessOFF
590,02/04/2019 05:18 AM,32,FanOff,51,54,ExhFanOFF,530,LightOn,75,PumpOff,ProcessOFF
591,02/04/2019 05:17 AM,32,FanOff,51,54,ExhFanOFF,469,LightOn,60,PumpOff,ProcessOFF
592,02/04/2019 05:17 AM,32,FanOff,51,57,ExhFanOFF,552,LightOn,40,PumpOn,ProcessOFF
593,02/04/2019 05:16 AM,32,FanOff,51,56,ExhFanOFF,543,LightOn,45,PumpOff,ProcessOFF
594,02/04/2019 05:15 AM,32,FanOff,51,63,ExhFanOFF,414,LightOn,40,PumpOn,ProcessOFF
595,02/04/2019 05:13 AM,32,FanOff,51,57,ExhFanOFF,551,LightOn,40,PumpOn,ProcessOFF
596,02/04/2019 05:12 AM,32,FanOff,50,57,ExhFanOFF,513,LightOn,40,PumpOn,ProcessOFF
597,02/04/2019 05:10 AM,32,FanOff,50,53,ExhFanOFF,544,LightOn,40,PumpOn,ProcessOFF
598,02/04/2019 05:08 AM,32,FanOff,50,53,ExhFanOFF,420,LightOn,75,PumpOff,ProcessOFF
599,02/04/2019 05:07 AM,32,FanOff,50,52,ExhFanOFF,414,LightOn,100,PumpOff,ProcessOFF
600,01/04/2019 11:53 PM,33,FanOff,52,47,ExhFanOFF,488,LightOFF,75,PumpOff,ProcessOFF
601,01/04/2019 11:51 PM,33,FanOff,53,47,ExhFanOFF,557,LightOFF,75,PumpOff,ProcessOFF
602,01/04/2019 11:50 PM,33,FanOff,53,47,ExhFanOFF,312,LightOFF,75,PumpOff,ProcessOFF
603,01/04/2019 11:48 PM,33,FanOff,53,48,ExhFanOFF,303,LightOFF,75,PumpOff,ProcessOFF
604,01/04/2019 11:47 PM,33,FanOff,53,48,ExhFanOFF,552,LightOFF,75,PumpOff,ProcessOFF
605,01/04/2019 11:45 PM,33,FanOff,53,48,ExhFanOFF,308,LightOFF,75,PumpOff,ProcessOFF
606,01/04/2019 11:44 PM,33,FanOff,53,49,ExhFanOFF,323,LightOFF,75,PumpOff,ProcessOFF
607,01/04/2019 11:42 PM,33,FanOff,53,49,ExhFanOFF,510,LightOFF,75,PumpOff,ProcessOFF
608,01/04/2019 11:41 PM,33,FanOff,53,49,ExhFanOFF,401,LightOFF,75,PumpOff,ProcessOFF
609,01/04/2019 11:39 PM,33,FanOff,53,50,ExhFanOFF,329,LightOFF,75,PumpOff,ProcessOFF
610,01/04/2019 11:38 PM,33,FanOff,53,51,ExhFanOFF,476,LightOFF,75,PumpOff,ProcessOFF
611,01/04/2019 11:36 PM,33,FanOff,53,51,ExhFanOFF,378,LightOFF,75,PumpOff,ProcessOFF
612,01/04/2019 11:35 PM,33,FanOff,53,52,ExhFanOFF,364,LightOFF,75,PumpOff,ProcessOFF
613,01/04/2019 11:33 PM,33,FanOff,54,53,ExhFanOFF,573,LightOFF,75,PumpOff,ProcessOFF
614,01/04/2019 11:32 PM,33,FanOff,54,55,ExhFanOFF,566,LightOFF,75,PumpOff,ProcessOFF
615,01/04/2019 11:30 PM,33,FanOff,54,57,ExhFanOFF,322,LightOFF,75,PumpOff,ProcessOFF
616,01/04/2019 11:29 PM,33,FanOff,54,61,ExhFanOFF,306,LightOFF,75,PumpOff,ProcessOFF
617,01/04/2019 11:27 PM,33,FanOff,54,66,ExhFanOFF,542,LightOFF,75,PumpOff,ProcessOFF
618,01/04/2019 11:26 PM,33,FanOff,54,76,ExhFanOFF,582,LightOFF,75,PumpOff,ProcessOFF
619,01/04/2019 11:24 PM,33,FanOff,54,98,ExhFanOFF,267,LightOFF,75,PumpOff,ProcessOFF
620,01/04/2019 11:23 PM,33,FanOff,54,216,ExhFanOFF,527,LightOFF,75,PumpOff,ProcessOFF
621,01/04/2019 11:21 PM,33,FanOff,54,42,ExhFanOFF,487,LightOFF,75,PumpOff,ProcessOFF
622,01/04/2019 11:20 PM,33,FanOff,55,41,ExhFanOFF,377,LightOFF,75,PumpOff,ProcessOFF
623,01/04/2019 11:18 PM,33,FanOff,55,40,ExhFanOFF,313,LightOFF,40,PumpOn,ProcessOFF
624,01/04/2019 11:16 PM,33,FanOff,56,39,ExhFanOFF,494,LightOFF,75,PumpOff,ProcessOFF
625,01/04/2019 11:15 PM,33,FanOff,56,37,ExhFanOFF,243,LightOFF,75,PumpOff,ProcessOFF
626,01/04/2019 11:13 PM,33,FanOff,56,37,ExhFanOFF,343,LightOFF,75,PumpOff,ProcessOFF
627,01/04/2019 10:53 PM,33,FanOff,55,1,ExhFanOFF,512,LightOFF,100,PumpOff,ProcessOFF
628,01/04/2019 10:51 PM,33,FanOff,54,1,ExhFanOFF,243,LightOFF,60,PumpOff,ProcessOFF
629,01/04/2019 10:50 PM,33,FanOff,54,0,ExhFanOFF,259,LightOFF,60,PumpOff,ProcessOFF
